,0,1,2,3,4
1,_2.jpg,268,272,268,272
2,_3.jpg,253,208,253,208
3,_4.jpg,227,195,227,195
4,_5.jpg,340,307,340,307
5,_6.jpg,201,238,201,238
6,_8.jpg,348,276,348,276
7,_10.jpg,81,91,81,91
8,_11.jpg,345,314,345,314
9,_12.jpg,343,254,343,254
10,_17.jpg,287,275,287,275
11,_18.jpg,388,184,388,184
12,_24.jpg,334,190,334,190
13,_26.jpg,267,138,267,138
14,_28.jpg,298,346,298,346
15,_29.jpg,269,366,269,366
16,_31.jpg,283,282,283,282
17,_32.jpg,147,6,147,6
18,_34.jpg,266,323,266,323
19,_35.jpg,245,6,245,6
20,_37.jpg,258,203,258,203
21,_39.jpg,307,265,307,265
22,_40.jpg,321,335,321,335
23,_41.jpg,396,249,396,249
24,_43.jpg,367,147,367,147
25,_45.jpg,328,219,328,219
26,_47.jpg,357,218,357,218
27,_48.jpg,369,246,369,246
28,_49.jpg,368,257,368,257
29,_50.jpg,298,159,298,159
30,_54.jpg,341,275,341,275
31,_56.jpg,334,235,334,235
32,_58.jpg,293,221,293,221
33,_59.jpg,291,293,291,293
34,_60.jpg,450,283,450,283
35,_61.jpg,286,237,286,237
36,_62.jpg,164,8,164,8
37,_63.jpg,369,304,369,304
38,_65.jpg,359,172,359,172
39,_66.jpg,299,197,299,197
40,_67.jpg,267,181,267,181
41,_68.jpg,187,115,187,115
42,_69.jpg,306,141,306,141
43,_70.jpg,264,147,264,147
44,_71.jpg,224,4,224,4
45,_72.jpg,408,220,408,220
46,_73.jpg,330,194,330,194
47,_74.jpg,282,171,282,171
48,_75.jpg,362,165,362,165
49,_77.jpg,340,218,340,218
50,_78.jpg,348,273,348,273
51,_79.jpg,259,142,259,142
52,_81.jpg,322,277,322,277
53,_82.jpg,415,268,415,268
54,_88.jpg,344,297,344,297
55,_89.jpg,318,145,318,145
56,_90.jpg,360,212,360,212
57,_91.jpg,365,270,365,270
58,_92.jpg,308,330,308,330
59,_93.jpg,367,274,367,274
60,_95.jpg,285,237,285,237
61,_96.jpg,283,233,283,233
62,_97.jpg,240,7,240,7
63,_99.jpg,383,226,383,226
64,_100.jpg,253,154,253,154
65,_102.jpg,283,182,283,182
66,_105.jpg,294,228,294,228
